uniqueID,c1,c2,c3,c4,c5,c6,c7,c8,c9,c10,c11,c12,c13,c14,c15,c16,c17,c18,c19,c20,c21,c22,c23,c24,c25,c26,c27,c28,c29,c30
1,This,is,a,test,file,This,is,a,test,file,This,is,a,test,file,This,is,a,test,file,This,is,a,test,file,This,is,a,test,file
2,Lets,see,how,it,works,Lets,see,how,it,works,Lets,see,how,it,works,Lets,see,how,it,works,Lets,see,how,it,works,Lets,see,how,it,works
3,This,is,a,test,file,This,is,a,test,file,This,is,a,test,file,This,is,a,test,file,This,is,a,test,file,This,is,a,test,file
4,Lets,see,how,it,works,Lets,see,how,it,works,Lets,see,how,it,works,Lets,see,how,it,works,Lets,see,how,it,works,Lets,see,how,it,works
5,This,is,a,test,file,This,is,a,test,file,This,is,a,test,file,This,is,a,test,file,This,is,a,test,file,This,is,a,test,file
6,Lets,see,how,it,works,Lets,see,how,it,works,Lets,see,how,it,works,Lets,see,how,it,works,Lets,see,how,it,works,Lets,see,how,it,works
7,This,is,a,test,file,This,is,a,test,file,This,is,a,test,file,This,is,a,test,file,This,is,a,test,file,This,is,a,test,file
8,Lets,see,how,it,works,Lets,see,how,it,works,Lets,see,how,it,works,Lets,see,how,it,works,Lets,see,how,it,works,Lets,see,how,it,works
9,This,is,a,test,file,This,is,a,test,file,This,is,a,test,file,This,is,a,test,file,This,is,a,test,file,This,is,a,test,file
10,Lets,see,how,it,works,Lets,see,how,it,works,Lets,see,how,it,works,Lets,see,how,it,works,Lets,see,how,it,works,Lets,see,how,it,works
11,This,is,a,test,file,This,is,a,test,file,This,is,a,test,file,This,is,a,test,file,This,is,a,test,file,This,is,a,test,file
12,Lets,see,how,it,works,Lets,see,how,it,works,Lets,see,how,it,works,Lets,see,how,it,works,Lets,see,how,it,works,Lets,see,how,it,works
13,This,is,a,test,file,This,is,a,test,file,This,is,a,test,file,This,is,a,test,file,This,is,a,test,file,This,is,a,test,file
14,Lets,see,how,it,works,Lets,see,how,it,works,Lets,see,how,it,works,Lets,see,how,it,works,Lets,see,how,it,works,Lets,see,how,it,works
15,This,is,a,test,file,This,is,a,test,file,This,is,a,test,file,This,is,a,test,file,This,is,a,test,file,This,is,a,test,file
16,Lets,see,how,it,works,Lets,see,how,it,works,Lets,see,how,it,works,Lets,see,how,it,works,Lets,see,how,it,works,Lets,see,how,it,works
17,This,is,a,test,file,This,is,a,test,file,This,is,a,test,file,This,is,a,test,file,This,is,a,test,file,This,is,a,test,file
18,Lets,see,how,it,works,Lets,see,how,it,works,Lets,see,how,it,works,Lets,see,how,it,works,Lets,see,how,it,works,Lets,see,how,it,works
19,This,is,a,test,file,This,is,a,test,file,This,is,a,test,file,This,is,a,test,file,This,is,a,test,file,This,is,a,test,file
20,Lets,see,how,it,works,Lets,see,how,it,works,Lets,see,how,it,works,Lets,see,how,it,works,Lets,see,how,it,works,Lets,see,how,it,works
21,This,is,a,test,file,This,is,a,test,file,This,is,a,test,file,This,is,a,test,file,This,is,a,test,file,This,is,a,test,file
22,Lets,see,how,it,works,Lets,see,how,it,works,Lets,see,how,it,works,Lets,see,how,it,works,Lets,see,how,it,works,Lets,see,how,it,works
23,This,is,a,test,file,This,is,a,test,file,This,is,a,test,file,This,is,a,test,file,This,is,a,test,file,This,is,a,test,file
24,Lets,see,how,it,works,Lets,see,how,it,works,Lets,see,how,it,works,Lets,see,how,it,works,Lets,see,how,it,works,Lets,see,how,it,works
25,This,is,a,test,file,This,is,a,test,file,This,is,a,test,file,This,is,a,test,file,This,is,a,test,file,This,is,a,test,file
26,Lets,see,how,it,works,Lets,see,how,it,works,Lets,see,how,it,works,Lets,see,how,it,works,Lets,see,how,it,works,Lets,see,how,it,works
27,This,is,a,test,file,This,is,a,test,file,This,is,a,test,file,This,is,a,test,file,This,is,a,test,file,This,is,a,test,file
28,Lets,see,how,it,works,Lets,see,how,it,works,Lets,see,how,it,works,Lets,see,how,it,works,Lets,see,how,it,works,Lets,see,how,it,works
29,This,is,a,test,file,This,is,a,test,file,This,is,a,test,file,This,is,a,test,file,This,is,a,test,file,This,is,a,test,file
30,Lets,see,how,it,works,Lets,see,how,it,works,Lets,see,how,it,works,Lets,see,how,it,works,Lets,see,how,it,works,Lets,see,how,it,works
31,This,is,a,test,file,This,is,a,test,file,This,is,a,test,file,This,is,a,test,file,This,is,a,test,file,This,is,a,test,file
32,Lets,see,how,it,works,Lets,see,how,it,works,Lets,see,how,it,works,Lets,see,how,it,works,Lets,see,how,it,works,Lets,see,how,it,works
33,This,is,a,test,file,This,is,a,test,file,This,is,a,test,file,This,is,a,test,file,This,is,a,test,file,This,is,a,test,file
34,Lets,see,how,it,works,Lets,see,how,it,works,Lets,see,how,it,works,Lets,see,how,it,works,Lets,see,how,it,works,Lets,see,how,it,works
35,This,is,a,test,file,This,is,a,test,file,This,is,a,test,file,This,is,a,test,file,This,is,a,test,file,This,is,a,test,file
36,Lets,see,how,it,works,Lets,see,how,it,works,Lets,see,how,it,works,Lets,see,how,it,works,Lets,see,how,it,works,Lets,see,how,it,works
37,This,is,a,test,file,This,is,a,test,file,This,is,a,test,file,This,is,a,test,file,This,is,a,test,file,This,is,a,test,file
38,Lets,see,how,it,works,Lets,see,how,it,works,Lets,see,how,it,works,Lets,see,how,it,works,Lets,see,how,it,works,Lets,see,how,it,works
39,This,is,a,test,file,This,is,a,test,file,This,is,a,test,file,This,is,a,test,file,This,is,a,test,file,This,is,a,test,file
40,Lets,see,how,it,works,Lets,see,how,it,works,Lets,see,how,it,works,Lets,see,how,it,works,Lets,see,how,it,works,Lets,see,how,it,works
